{
    "msg1": "التالي",
    "msg2":"شبيك لبيك لتوصيل الطلبيات بولاية تبسة",
    "msg3":"الايميل",
    "msg4":"الرمز السري",
    "msg5":"تسجيل الدخول",
    "msg6":"او",
    "msg7":"الغاء",
    "msg8":"موافق",
    "msg9":"الحساب غير موجود هل تريد انشاء حساب ?",
    "msg10":"الرمز خاطىء اعد المحاولة",
    "msg11":"لا يمكنك استعمال هذا الايميل",
    "msg12":"الكل",
    "msg13":"البحث",
    "msg14":"الهاتف",
    "msg15":"طلبياتي",
    "msg16":"المقبولة",
    "msg17":"المرفوضة",
    "msg18":"الاتصال",
    "Home":"الرئيسة",
    "Basket":"السلة",
    "Map":"خريطة",
    "Profile":"انا",
    "photo":"الصور",
    "skill":"غرفتي",
    "cat":"الفئات",
    "logout":"تسجيل الخروج",
    "text3":"الوصف",
    "text4":"حفظ",
    "text5":"اسحب و اختر",
    "setting":"الاعدادات",
    "add":"اضافة",
    "card1":"اختر المفضلة",
    "card2":"انشاء حرفة",
    "card3":"سلسلة حرفة",
    "card4":"وسائط حرفة",
    "card5":"نهاية حرفة",
    "btn1":"الوصف",
    "btn2":"سلسلة مرتبة",
    "btn3":"سلسلة عشوائية",
    "btn4":"انهاء",
    "alert1":"العنوان"
}