{
    "msg1": "Next",
    "msg2":"ChebicLebic for Order Delivery in the state of Tebessa",
    "msg3":"Email",
    "msg4":"Password",
    "msg5":"Login",
    "msg6":"Or",
    "msg7":"Cancel",
    "msg8":"Yes",
    "msg9":"Account not found Do you want to create an account ?",
    "msg10":"Bad code, try again",
    "msg11":"You cant use this Email",
    "msg12":"All",
    "msg13":"Search",
    "msg14":"Phone",
    "msg15":"My Commandes",
    "msg16":"Accept",
    "msg17":"Reject",
    "msg18":"Contact",
    "Home":"Home",
    "Basket":"Basket",
    "Map":"Map",
    "Profile":"Profile",
    "photo":"Photos",
    "skill":"My Chamber",
    "cat":"Categories",
    "logout":"Logout",
    "text3":"Description",
    "text4":"Save",
    "text5":"swipe and choose",
    "setting":"Setting",
    "add":"Add",
    "card1":"Select Favorite",
    "card2":"Create Herfa",
    "card3":"SQHerfa",
    "card4":"Herfa Media",
    "card5":"Herfa Final",
    "btn1":"Description",
    "btn2":"Indexed List ",
    "btn3":"Random List",
    "btn4":"Finish",
    "alert1":"Title"
}