{
    "msg1": "Suivant",
    "msg2":"ChebicLebic pour la livraison des commandes dans l'état de Tébessa",
    "msg3":"Email",
    "msg4":"Mot de passe",
    "msg5":"Connexion",
    "msg6":"Ou",
    "msg7":"Annuler",
    "msg8":"d'accord",
    "msg9":"Compte introuvable Voulez-vous créer un compte ?",
    "msg10":"Code incorrect, réessayez",
    "msg11":"Vous ne pouvez pas utiliser cet e-mail",
    "msg12":"Tout",
    "msg13":"Recherche",
    "msg14":"Phone",
    "msg15":"Mes Commandes",
    "msg16":"Accepter",
    "msg17":"Refuser",
    "msg18":"Contact",
    "Home":"Accueil",
    "Basket":"Pannier",
    "Map":"Carte",
    "Profile":"Profil",
    "photo": "Photos",
    "skill":"Ma Chambre",
    "cat":"Catégories",
    "logout":"Déconnexion",
    "text3":"Description",
    "text4":"Sauvegarder",
    "text5":"glissez et choisissez",
    "setting":"Paramètre",
    "add":"Ajouter",
    "card1":"Sélectionner Favorite",
    "card2":"Créer Herfa",
    "card3":"SQHerfa",
    "card4":"Herfa médias",
    "card5":"Herfa Final",
    "btn1":"Description",
    "btn2":"Liste sans Indice",
    "btn3":"Liste avec Indice",
    "btn4":"Finie",
    "alert1":"Titre"
}