{
  "project_info": {
    "project_number": "879076605977",
    "firebase_url": "https://commandi-fd130.firebaseio.com",
    "project_id": "commandi-fd130",
    "storage_bucket": "commandi-fd130.appspot.com"
  },
  "client": [
    {
      "client_info": {
        "mobilesdk_app_id": "1:879076605977:android:cc39b1d9570e51f4812a88",
        "android_client_info": {
          "package_name": "com.zastroslimi.chebiclebic"
        }
      },
      "oauth_client": [
        {
          "client_id": "879076605977-vknkekp2t53guk3fi2sh89f00l1momro.apps.googleusercontent.com",
          "client_type": 3
        }
      ],
      "api_key": [
        {
          "current_key": "AIzaSyCv69VO_c_zxzJQEuXgubDZ8VAF8Vy2ijA"
        }
      ],
      "services": {
        "appinvite_service": {
          "other_platform_oauth_client": [
            {
              "client_id": "879076605977-u0an9l7febe20cd2gk0pt6oal0hevkll.apps.googleusercontent.com",
              "client_type": 3
            }
          ]
        }
      }
    }
  ],
  "configuration_version": "1"
}